index,avalanche_size
3,8
13,4
14,4
15,4
19,4
29,4
40,12
42,8
44,48
49,8
50,8
54,72
56,44
57,24
58,36
59,48
68,4
74,8
77,8
79,4
84,4
89,56
93,8
94,16
96,20
98,8
100,8
111,4
120,8
122,24
132,4
133,4
135,16
137,20
138,44
139,40
145,60
148,12
151,16
157,4
173,8
176,40
180,8
182,8
183,20
184,16
185,140
190,40
193,232
196,8
203,16
204,248
205,20
207,4
209,20
210,4
214,48
215,296
217,16
219,12
221,12
222,12
225,12
227,4
228,88
235,16
238,8
239,8
240,12
245,492
246,4
247,76
248,188
249,28
255,472
256,144
257,184
262,60
264,4
266,316
274,32
275,28
278,104
280,24
284,300
292,4
294,104
295,4
297,4
300,24
301,12
304,4
310,268
314,8
316,4
318,8
326,664
327,8
328,272
330,164
331,432
332,296
335,64
342,12
346,628
347,8
351,4
357,8
358,160
359,720
360,32
365,856
367,36
368,12
370,84
371,4
374,16
376,564
378,40
380,64
381,24
383,724
384,16
385,32
386,8
387,284
391,268
392,464
395,4
398,64
399,24
400,28
401,156
405,44
406,512
409,8
410,152
412,28
413,36
416,296
418,436
421,4
423,40
425,28
427,8
428,4
429,8
433,88
436,12
439,4
441,412
442,252
444,4
445,260
450,12
451,4
452,12
453,4
454,636
455,4
457,8
464,64
466,104
467,76
470,84
471,4
479,92
480,4
481,184
483,4
485,12
487,32
488,420
490,24
491,12
492,20
493,20
495,2200
497,4
501,8
503,360
504,376
505,8
509,20
510,4
511,4
513,12
516,108
518,92
519,96
520,48
522,180
524,88
526,32
528,300
529,260
530,8
534,68
535,8
536,16
537,56
543,388
544,496
549,64
553,20
554,8
556,432
561,32
564,40
565,32
566,640
567,32
568,16
571,448
583,48
584,132
589,8
590,292
592,1264
599,92
602,4
604,24
611,288
613,144
615,4
619,12
620,12
623,124
626,32
627,380
630,24
633,316
639,616
645,4
646,252
647,96
650,36
651,12
652,4
653,8
664,356
665,776
679,116
684,116
686,892
689,128
691,852
692,80
694,4
697,20
701,72
706,344
710,4
711,4
713,12
716,20
723,8
728,320
729,476
731,64
736,44
742,32
749,32
751,84
752,8
753,564
756,580
770,8
771,108
773,24
775,160
780,24
781,920
787,56
788,4
790,24
791,924
795,8
796,720
797,64
798,456
800,300
803,4
804,300
809,108
810,20
811,40
812,32
814,4
815,48
816,120
821,544
822,360
823,80
824,76
826,4
827,16
828,220
830,4
832,28
833,308
834,164
835,168
840,40
841,4
843,88
844,556
845,20
848,20
849,36
853,12
854,360
855,308
857,24
860,12
866,8
869,468
870,468
874,136
876,200
877,8
882,208
883,892
884,16
888,16
889,8
894,40
897,16
898,344
899,472
901,84
902,36
903,4
905,20
909,24
910,148
913,440
915,428
917,12
920,48
921,36
924,800
929,80
931,192
933,560
939,48
943,28
944,4
945,56
947,12
950,24
952,168
954,1152
956,276
957,8
958,8
960,56
963,96
965,432
966,84
968,4
976,28
978,60
979,156
980,144
983,916
984,4
986,16
987,48
988,520
995,4
996,12
997,28
998,236
1001,384
1003,16
1009,184
1011,84
1012,8
1014,4
1020,4
1021,12
1022,12
1024,532
1025,148
1029,8
1030,40
1033,484
1034,16
1036,8
1037,376
1039,452
1044,4
1047,144
1048,4
1049,232
1054,248
1055,40
1056,192
1061,180
1062,116
1063,28
1064,448
1066,124
1067,4
1069,4
1070,4
1071,264
1075,104
1076,112
1079,748
1083,4
1090,20
1091,1020
1093,4
1096,28
1098,16
1099,72
1101,248
1103,4
1104,80
1105,80
1106,24
1107,532
1108,4
1110,1084
1113,20
1114,4
1115,52
1119,80
1120,196
1121,4
1123,44
1124,124
1128,4
1130,8
1132,336
1136,16
1137,4
1138,20
1139,340
1140,92
1142,232
1144,144
1149,76
1150,4
1155,292
1157,16
1161,16
1162,380
1163,40
1165,76
1169,196
1174,72
1175,392
1176,568
1177,4
1178,4
1179,8
1180,124
1182,4
1185,4
1188,28
1190,12
1192,4
1193,16
1194,620
1195,8
1196,56
1197,420
1198,12
1200,4
1204,48
1209,320
1210,84
1213,348
1214,12
1215,12
1220,8
1222,124
1224,292
1225,168
1226,36
1227,232
1228,180
1229,260
1232,268
1233,4
1234,4
1237,12
1238,172
1240,56
1244,60
1257,196
1259,20
1260,328
1261,40
1262,24
1263,772
1264,4
1266,4
1269,208
1271,8
1275,16
1276,4
1277,24
1279,92
1280,4
1281,4
1282,4
1285,16
1289,316
1291,8
1293,4
1294,1648
1295,4
1297,52
1299,24
1312,4
1313,1296
1314,424
1315,16
1318,60
1319,468
1320,4
1325,124
1326,196
1328,4
1329,16
1335,8
1337,52
1339,28
1342,56
1345,116
1346,32
1348,20
1350,136
1352,88
1356,20
1359,24
1360,712
1361,28
1366,320
1370,364
1372,76
1373,12
1376,672
1377,84
1378,40
1379,528
1382,328
1384,8
1385,8
1390,40
1392,4
1393,316
1395,12
1399,60
1400,136
1402,36
1403,44
1406,36
1407,12
1409,1704
1412,200
1414,4
1415,228
1417,12
1421,36
1422,60
1426,4
1427,12
1430,440
1436,32
1437,20
1439,20
1440,8
1444,8
1448,336
1450,488
1451,180
1452,4
1454,52
1456,4
1461,976
1464,12
1465,320
1466,248
1467,200
1468,112
1472,380
1473,92
1474,4
1476,36
1479,4
1483,100
1484,92
1488,4
1490,104
1493,32
1495,4
1496,4
1504,4
1505,812
1506,84
1512,336
1513,8
1515,500
1517,4
1518,8
1519,28
1522,76
1523,4
1527,8
1529,4
1533,52
1535,260
1537,128
1541,8
1542,784
1545,184
1547,232
1548,16
1549,8
1553,52
1555,472
1560,100
1563,44
1565,12
1572,228
1578,180
1584,188
1585,4
1587,128
1589,24
1595,12
1596,172
1600,636
1601,24
1602,716
1603,4
1604,8
1608,12
1609,48
1610,4
1614,20
1617,8
1618,8
1619,236
1621,4
1622,1040
1623,364
1627,232
1631,100
1638,168
1642,4
1644,116
1648,268
1657,1488
1662,36
1664,656
1665,20
1666,8
1667,44
1668,28
1671,312
1673,32
1677,44
1679,80
1680,52
1682,12
1683,4
1686,4
1689,4
1691,4
1695,4
1696,984
1697,664
1698,68
1705,20
1707,644
1711,8
1712,4
1714,4
1719,524
1724,272
1726,8
1731,752
1732,76
1733,8
1740,300
1744,20
1747,104
1748,400
1749,8
1750,52
1751,360
1753,16
1756,4
1757,16
1761,292
1762,4
1764,12
1766,4
1768,12
1773,668
1780,16
1787,460
1788,396
1792,312
1793,20
1797,8
1800,288
1801,512
1802,48
1803,8
1804,4
1808,380
1814,76
1815,4
1822,8
1824,232
1826,8
1828,396
1829,144
1831,24
1832,400
1833,8
1834,132
1837,84
1840,192
1843,56
1844,92
1846,208
1848,428
1849,4
1852,680
1857,4
1859,32
1863,12
1864,4
1870,152
1871,612
1873,132
1877,152
1878,4
1880,8
1883,1436
1889,460
1890,32
1900,36
1902,4
1905,20
1906,36
1918,1144
1922,144
1923,4
1927,152
1930,4
1933,4
1934,4
1935,324
1938,60
1939,240
1940,136
1941,80
1942,556
1943,8
1949,4
1951,1000
1953,32
1954,24
1962,44
1965,84
1966,160
1972,52
1975,28
1976,12
1978,32
1979,4
1984,84
1985,4
1988,4
1991,696
1993,144
1994,168
2000,28
2002,728
2003,112
2005,4
2007,12
2009,84
2014,44
2015,240
2017,224
2020,60
2024,552
2028,820
2037,8
2039,8
2040,84
2043,136
2044,112
2046,80
2048,92
2049,108
2052,4
2057,4
2058,76
2059,8
2062,2392
2066,24
2068,272
2070,48
2079,4
2081,92
2082,8
2086,8
2087,72
2090,228
2094,364
2099,4
2102,568
2108,56
2109,664
2113,28
2114,444
2120,4
2122,52
2123,104
2127,16
2132,4
2133,64
2134,4
2135,564
2136,96
2137,84
2138,20
2140,24
2141,4
2145,512
2147,4
2148,276
2149,4
2151,204
2158,172
2160,20
2161,12
2162,28
2164,144
2165,20
2167,1212
2168,4
2169,44
2174,76
2177,144
2178,408
2179,80
2182,128
2184,4
2187,44
2191,44
2193,16
2195,436
2198,28
2200,368
2202,160
2204,4
2205,12
2210,24
2211,20
2214,444
2219,148
2221,108
2223,544
2224,12
2230,36
2233,1104
2236,20
2238,56
2239,20
2240,4
2241,12
2246,144
2248,584
2254,28
2255,316
2257,100
2260,1296
2262,8
2263,84
2264,104
2265,4
2275,256
2276,232
2278,552
2280,16
2283,12
2285,88
2286,8
2288,520
2289,112
2291,32
2292,16
2293,16
2298,12
2299,700
2300,4
2302,8
2303,8
2304,152
2310,8
2313,4
2314,68
2318,240
2320,4
2323,4
2327,44
2330,4
2331,192
2332,4
2333,176
2335,68
2336,124
2338,220
2341,600
2342,216
2343,184
2349,28
2350,404
2354,324
2357,4
2360,20
2362,4
2364,4
2365,68
2366,4
2367,4
2368,44
2370,4
2371,48
2372,508
2374,64
2375,564
2380,108
2382,12
2384,12
2385,180
2389,16
2390,4
2392,76
2396,280
2397,24
2398,236
2401,484
2402,20
2404,4
2407,88
2409,4
2410,24
2412,8
2413,4
2418,460
2424,52
2426,328
2428,360
2429,40
2432,24
2433,4
2434,68
2435,732
2438,4
2439,32
2442,32
2443,4
2448,60
2451,24
2458,1012
2461,4
2464,8
2465,856
2466,52
2470,88
2472,104
2473,540
2476,12
2478,16
2480,188
2481,8
2485,20
2486,740
2488,56
2489,12
2491,512
2494,216
2497,132
2499,76
2501,8
2504,8
2510,144
2514,72
2515,28
2527,40
2531,4
2535,620
2536,1320
2540,8
2545,24
2548,120
2549,192
2551,88
2555,536
2556,40
2560,24
2561,740
2563,4
2572,8
2576,8
2580,4
2582,156
2583,236
2584,204
2585,412
2586,464
2587,4
2593,664
2594,8
2595,268
2598,76
2599,4
2600,332
2601,24
2611,4
2614,1324
2619,4
2620,428
2622,112
2623,84
2625,92
2626,20
2631,372
2632,168
2633,292
2634,12
2635,16
2636,8
2639,88
2640,24
2642,60
2645,4
2648,76
2649,376
2654,4
2656,16
2657,40
2664,240
2665,12
2670,4
2674,4
2677,28
2678,4
2680,96
2681,968
2688,140
2696,76
2697,312
2699,48
2700,4
2702,1428
2703,76
2705,12
2707,16
2708,8
2709,4
2710,12
2711,112
2712,24
2721,108
2722,4
2723,4
2725,700
2726,80
2728,80
2730,4
2732,48
2733,20
2738,676
2744,192
2748,88
2749,40
2750,68
2754,40
2755,80
2757,4
2760,600
2763,44
2765,268
2766,56
2768,716
2770,4
2774,4
2776,832
2777,4
2778,12
2784,20
2785,24
2790,12
2793,8
2794,104
2795,36
2797,788
2799,4
2800,80
2803,576
2804,588
2806,172
2808,84
2809,44
2814,408
2816,136
2819,16
2822,232
2823,8
2827,824
2828,76
2829,20
2830,12
2832,20
2834,28
2837,144
2838,40
2840,12
2841,12
2844,232
2847,112
2849,8
2854,868
2857,4
2861,56
2867,4
2868,20
2874,20
2875,4
2878,568
2881,4
2883,12
2884,36
2889,4
2890,500
2891,8
2893,8
2896,84
2897,60
2898,284
2899,192
2903,296
2907,4
2908,36
2909,588
2910,8
2912,8
2913,4
2914,20
2915,40
2916,176
2917,1012
2921,24
2922,4
2924,312
2932,8
2933,360
2937,12
2938,16
2943,28
2946,4
2948,408
2950,776
2953,600
2956,4
2958,304
2960,8
2961,4
2962,776
2966,12
2967,4
2973,8
2975,92
2978,4
2980,204
2982,4
2986,48
2987,16
2988,56
2993,20
2997,332
2999,24
3001,84
3002,8
3003,312
3007,712
3008,20
3010,400
3013,204
3015,8
3021,104
3022,192
3023,56
3026,36
3028,16
3030,120
3032,188
3033,348
3034,20
3035,20
3040,24
3045,8
3048,4
3049,28
3057,56
3061,440
3062,8
3064,144
3065,4
3069,1800
3071,372
3073,168
3074,64
3077,100
3079,32
3086,8
3088,12
3089,12
3090,624
3092,4
3094,4
3097,92
3103,4
3107,12
3109,476
3110,808
3113,168
3115,544
3120,28
3122,32
3123,4
3125,44
3128,8
3131,448
3133,44
3134,8
3136,16
3139,32
3141,12
3145,4
3146,4
3148,16
3149,20
3150,4
3158,8
3161,4
3164,328
3166,4
3167,12
3168,104
3169,4
3170,484
3172,40
3173,248
3174,440
3175,8
3177,8
3180,308
3182,4
3183,8
3185,4
3187,668
3191,4
3193,880
3195,40
3196,4
3197,4
3200,36
3201,128
3203,424
3204,324
3205,8
3206,4
3223,20
3224,4
3227,8
3231,892
3235,168
3236,16
3238,8
3239,12
3240,4
3241,72
3242,4
3243,4
3244,12
3245,96
3248,456
3251,2088
3253,172
3254,40
3255,12
3256,240
3259,4
3261,100
3268,468
3269,16
3273,12
3278,92
3279,352
3281,624
3283,8
3285,32
3288,328
3289,20
3294,332
3295,116
3300,24
3301,32
3303,20
3307,44
3309,4
3310,64
3311,1080
3312,64
3314,72
3317,40
3323,4
3324,64
3325,836
3328,108
3330,28
3336,48
3339,4
3340,44
3345,44
3346,20
3348,380
3349,56
3350,4
3353,848
3356,68
3358,200
3360,8
3362,80
3363,4
3364,396
3368,196
3374,4
3376,380
3377,20
3384,4
3385,4
3387,88
3389,4
3391,112
3392,4
3394,316
3398,96
3399,32
3403,204
3406,584
3409,4
3411,8
3413,660
3414,224
3415,12
3417,28
3418,8
3421,16
3422,4
3423,48
3426,4
3427,252
3428,136
3430,20
3437,48
3440,776
3444,88
3448,28
3449,760
3450,152
3456,4
3457,12
3458,84
3460,796
3461,24
3463,52
3465,164
3467,20
3468,68
3469,480
3471,140
3473,44
3477,40
3480,100
3481,4
3482,608
3483,44
3484,136
3490,4
3493,4
3500,396
3502,44
3503,108
3504,180
3506,228
3508,40
3509,4
3510,64
3511,12
3514,8
3515,1124
3522,76
3523,4
3525,648
3529,120
3530,12
3538,168
3539,28
3541,52
3543,680
3544,4
3547,4
3550,236
3553,88
3554,4
3557,60
3560,204
3561,1460
3564,4
3565,12
3566,116
3567,8
3570,8
3572,64
3573,36
3577,20
3578,304
3583,592
3588,4
3589,8
3591,4
3594,156
3595,8
3600,1576
3601,4
3602,92
3608,40
3610,4
3613,40
3619,16
3620,4
3622,756
3623,8
3629,16
3630,4
3631,156
3632,92
3634,12
3640,4
3641,92
3642,128
3645,60
3648,4
3649,4
3653,4
3654,132
3655,16
3659,292
3663,32
3664,836
3665,12
3666,4
3667,32
3668,4
3669,60
3672,20
3673,380
3675,184
3677,24
3678,260
3682,60
3685,8
3686,28
3687,156
3688,620
3693,52
3694,8
3696,272
3697,8
3703,68
3704,44
3707,28
3709,460
3710,140
3718,228
3720,76
3722,252
3723,8
3724,280
3726,4
3727,4
3728,128
3729,24
3734,4
3740,252
3741,4
3742,356
3743,140
3745,48
3747,40
3754,520
3760,68
3761,64
3763,16
3765,744
3766,24
3767,4
3769,160
3771,172
3772,4
3773,4
3778,120
3780,416
3783,8
3784,172
3789,68
3790,20
3791,8
3792,8
3794,416
3795,136
3796,4
3799,764
3800,8
3803,320
3804,56
3805,28
3806,24
3813,20
3815,960
3820,204
3823,4
3826,4
3828,4
3832,48
3833,56
3852,4
3855,48
3856,4
3857,344
3861,4
3862,4
3863,52
3866,864
3872,16
3875,4
3877,220
3878,20
3879,8
3881,828
3883,32
3886,940
3887,1076
3889,68
3892,4
3894,128
3896,236
3897,396
3898,12
3900,4
3904,48
3905,4
3907,4
3909,44
3911,32
3912,8
3913,92
3914,276
3920,504
3924,16
3927,272
3929,676
3932,4
3933,16
3938,32
3940,8
3942,164
3948,948
3955,4
3957,208
3958,424
3959,72
3960,32
3963,8
3965,32
3967,28
3970,288
3976,4
3980,4
3984,436
3985,164
3986,708
3990,4
3991,180
3996,24
4000,4
4006,272
4007,84
4008,112
4015,84
4020,52
4021,8
4023,4
4025,4
4028,128
4029,684
4030,8
4031,8
4032,8
4033,16
4034,228
4035,92
4037,8
4038,256
4041,44
4042,60
4043,8
4048,1156
4049,376
4050,4
4056,4
4059,292
4061,316
4063,176
4064,28
4065,152
4068,8
4069,52
4070,160
4075,132
4076,128
4083,344
4085,332
4093,48
4094,24
4097,4
4102,108
4103,8
4104,32
4106,108
4107,8
4114,4
4118,36
4122,12
4124,1316
4125,4
4129,172
4131,40
4132,212
4134,340
4136,12
4138,8
4139,4
4141,36
4142,84
4143,8
4144,368
4145,68
4148,372
4150,4
4151,4
4152,8
4154,44
4157,4
4161,180
4164,912
4165,4
4176,8
4179,824
4184,436
4191,8
4196,276
4197,16
4201,4
4202,4
4208,64
4209,1148
4210,12
4214,252
4225,4
4226,24
4229,8
4231,12
4235,360
4244,800
4245,268
4248,120
4250,20
4251,24
4253,4
4254,44
4256,16
4257,12
4260,72
4262,476
4263,24
4264,4
4270,36
4271,572
4273,32
4275,4
4276,116
4277,180
4278,16
4280,224
4283,144
4284,1308
4285,8
4288,64
4289,4
4293,1052
4296,12
4298,16
4301,92
4302,40
4304,124
4306,8
4308,24
4313,32
4314,512
4318,4
4320,8
4321,44
4324,12
4325,8
4328,8
4329,4
4330,4
4331,136
4332,592
4334,104
4337,260
4338,4
4340,24
4341,732
4342,32
4345,40
4346,16
4348,232
4351,36
4352,388
4354,680
4363,72
4366,308
4372,116
4373,48
4378,1156
4381,28
4382,444
4384,4
4385,8
4386,4
4387,28
4388,308
4392,4
4399,8
4405,4
4406,16
4408,364
4409,104
4412,136
4414,440
4417,12
4420,20
4421,92
4423,52
4424,4
4425,4
4427,56
4428,756
4430,236
4431,64
4432,52
4435,8
4442,4
4443,12
4444,12
4447,8
4448,100
4449,588
4451,152
4452,132
4456,308
4459,116
4464,4
4465,100
4467,68
4468,108
4469,128
4470,4
4473,912
4474,416
4475,68
4476,392
4478,100
4480,4
4482,80
4483,48
4486,36
4487,128
4489,228
4490,12
4492,60
4494,84
4496,176
4497,32
4500,8
4513,48
4515,4
4530,1012
4532,696
4533,36
4535,724
4537,88
4539,44
4540,140
4543,264
4545,4
4546,276
4547,8
4549,8
4550,136
4551,4
4552,76
4553,280
4555,68
4560,8
4561,12
4564,200
4567,8
4569,36
4570,4
4571,288
4572,40
4573,464
4574,276
4575,12
4576,36
4580,4
4581,28
4583,16
4586,36
4588,8
4593,124
4594,220
4596,432
4597,284
4599,8
4602,20
4606,124
4607,464
4613,64
4617,48
4619,8
4626,120
4630,24
4631,132
4632,76
4634,104
4637,864
4638,128
4640,4
4641,268
4645,72
4648,24
4649,8
4652,760
4658,8
4659,8
4660,64
4663,12
4671,80
4673,336
4674,12
4679,32
4680,228
4682,120
4683,496
4684,4
4685,72
4687,12
4690,404
4691,12
4692,236
4693,148
4696,12
4699,8
4700,68
4703,4
4704,48
4708,840
4709,516
4711,16
4714,52
4716,8
4718,4
4721,512
4723,28
4725,1064
4730,420
4732,16
4734,8
4735,4
4737,60
4741,196
4742,4
4745,8
4747,68
4750,20
4757,4
4759,536
4761,96
4763,8
4764,192
4765,4
4768,20
4769,8
4770,48
4771,100
4777,8
4778,40
4782,4
4784,264
4788,400
4794,472
4796,28
4797,4
4799,28
4806,4
4808,228
4809,8
4810,484
4817,8
4818,1108
4821,208
4823,4
4826,520
4830,108
4831,52
4832,12
4833,4
4834,148
4835,816
4836,24
4837,112
4839,76
4844,564
4849,76
4852,104
4853,36
4855,28
4860,180
4863,96
4864,280
4867,12
4869,4
4870,32
4873,36
4878,120
4880,32
4883,20
4884,128
4889,184
4893,112
4897,192
4899,392
4900,4
4901,536
4902,60
4903,20
4907,560
4911,124
4913,428
4923,356
4925,4
4926,148
4929,672
4930,868
4932,616
4938,28
4940,72
4941,392
4943,104
4946,8
4948,4
4951,128
4955,324
4957,24
4958,32
4961,4
4962,40
4966,84
4967,4
4969,92
4973,196
4977,164
4978,452
4981,40
4982,88
4984,588
4987,24
4990,4
4994,4
4999,20
5000,8
5004,8
5006,56
5008,4
5010,612
5012,104
5014,64
5016,96
5018,8
5023,512
5028,4
5029,52
5032,964
5034,8
5035,104
5036,4
5041,588
5043,8
5045,8
5047,36
5052,300
5053,48
5056,704
5058,12
5062,44
5067,68
5068,36
5070,56
5071,816
5072,140
5074,4
5077,4
5080,36
5081,4
5082,408
5084,976
5085,192
5091,12
5095,24
5097,60
5098,8
5099,4
5100,96
5101,44
5102,324
5103,784
5108,316
5111,20
5116,104
5117,24
5120,12
5121,40
5123,4
5127,144
5128,1104
5129,8
5131,236
5132,28
5134,188
5138,56
5144,8
5151,752
5153,16
5154,104
5159,32
5160,68
5162,48
5163,4
5164,8
5166,8
5167,992
5169,124
5171,32
5173,16
5175,12
5177,8
5182,228
5185,116
5187,392
5188,24
5189,344
5195,8
5198,8
5199,504
5201,16
5202,168
5206,348
5207,708
5208,416
5212,4
5213,84
5217,92
5218,16
5220,4
5221,16
5222,216
5223,4
5225,456
5227,132
5229,4
5230,16
5234,52
5237,36
5245,116
5248,160
5249,16
5250,492
5258,32
5265,4
5266,576
5273,16
5276,4
5280,136
5282,16
5284,284
5286,972
5287,4
5289,32
5290,16
5295,44
5296,320
5301,1444
5302,8
5306,12
5309,4
5314,28
5315,1156
5317,200
5319,144
5320,4
5323,252
5324,52
5331,8
5336,92
5339,536
5342,4
5345,252
5347,312
5349,592
5351,24
5353,4
5354,716
5356,436
5357,4
5358,68
5361,20
5363,4
5364,4
5365,40
5367,4
5368,676
5383,4
5384,312
5387,60
5388,124
5391,544
5394,168
5395,8
5397,4
5400,4
5403,196
5404,16
5405,32
5407,4
5410,484
5412,104
5413,48
5417,312
5418,60
5419,124
5422,68
5425,252
5426,140
5428,80
5432,312
5433,8
5434,28
5438,20
5444,460
5446,316
5448,12
5451,80
5457,4
5460,676
5461,4
5462,24
5464,148
5468,88
5469,16
5471,80
5473,16
5475,4
5481,4
5484,532
5485,12
5492,60
5501,4
5502,128
5507,192
5510,264
5512,4
5514,236
5516,1752
5517,180
5518,92
5524,20
5529,96
5533,32
5534,132
5537,4
5541,48
5542,4
5547,736
5548,48
5551,668
5552,76
5554,60
5555,28
5559,708
5561,16
5563,84
5564,44
5566,28
5572,420
5573,32
5574,20
5575,4
5576,28
5578,8
5579,412
5581,240
5585,196
5587,44
5589,116
5590,24
5593,32
5594,68
5595,84
5596,20
5599,4
5603,164
5604,4
5605,48
5607,140
5613,816
5616,288
5618,12
5621,12
5623,8
5624,40
5626,164
5627,12
5632,36
5633,216
5635,860
5638,8
5640,776
5641,4
5642,56
5646,4
5650,4
5652,76
5653,4
5656,500
5657,8
5659,24
5660,40
5666,404
5668,20
5669,520
5671,444
5674,12
5677,8
5678,20
5680,264
5681,80
5685,8
5686,68
5687,332
5694,76
5695,4
5698,16
5701,80
5702,4
5704,48
5709,20
5712,656
5716,344
5720,216
5721,1024
5722,232
5724,36
5725,240
5726,20
5727,8
5728,128
5729,36
5734,4
5742,248
5743,8
5744,136
5745,68
5747,144
5752,552
5754,32
5758,8
5761,76
5765,1304
5767,4
5771,28
5775,44
5781,136
5783,4
5784,4
5786,16
5787,436
5790,168
5793,8
5794,4
5796,4
5798,8
5799,80
5802,16
5805,596
5808,4
5810,20
5814,48
5817,8
5820,24
5823,160
5824,624
5833,484
5838,24
5842,24
5844,400
5845,1096
5846,8
5850,24
5851,4
5854,12
5857,904
5858,64
5860,304
5863,252
5865,292
5866,4
5867,32
5870,24
5871,4
5875,240
5876,136
5877,4
5878,32
5881,36
5888,16
5890,4
5892,4
5894,984
5896,4
5899,12
5902,40
5903,20
5904,284
5906,264
5909,112
5910,4
5911,28
5913,4
5917,48
5920,24
5921,216
5923,4
5925,28
5929,392
5930,572
5934,52
5943,64
5945,32
5946,384
5958,152
5959,804
5963,4
5964,4
5967,4
5969,592
5970,24
5973,72
5974,164
5976,12
5978,28
5980,504
5983,236
5984,152
5993,4
5996,236
5998,36
5999,428
6001,104
6002,200
6005,1376
6008,28
6009,36
6010,28
6013,196
6015,12
6016,4
6018,8
6020,4
6026,112
6027,1264
6029,92
6030,8
6034,28
6036,32
6038,4
6046,1000
6048,176
6049,124
6050,4
6052,52
6053,4
6064,4
6067,20
6069,4
6070,68
6071,980
6073,824
6074,4
6077,4
6079,52
6083,768
6089,108
6091,56
6097,200
6099,120
6102,228
6106,44
6110,116
6111,712
6112,8
6114,8
6115,180
6118,16
6119,16
6122,264
6125,32
6129,4
6133,136
6134,4
6136,368
6141,100
6144,36
6147,540
6148,124
6149,4
6151,24
6152,16
6153,4
6154,8
6159,8
6160,20
6162,4
6165,16
6167,4
6169,8
6171,936
6173,8
6184,16
6185,44
6191,40
6195,4
6196,736
6198,168
6202,676
6206,864
6209,1032
6210,88
6211,56
6213,8
6215,36
6216,312
6217,4
6218,84
6219,160
6220,4
6224,4
6226,8
6229,4
6230,12
6233,4
6235,56
6237,192
6240,240
6241,776
6243,4
6244,16
6246,4
6251,104
6253,56
6254,24
6260,76
6261,160
6263,532
6264,64
6269,8
6272,108
6277,124
6278,12
6283,160
6284,12
6285,384
6286,216
6287,108
6291,548
6296,320
6300,252
6301,140
6302,604
6303,156
6305,4
6306,16
6308,32
6310,16
6312,80
6314,40
6316,4
6317,60
6319,4
6320,212
6322,492
6324,8
6325,24
6326,8
6328,60
6329,524
6331,364
6338,324
6339,12
6342,52
6345,4
6347,488
6349,16
6352,84
6355,8
6360,80
6365,4
6366,700
6367,308
6368,4
6370,108
6372,124
6373,44
6374,4
6377,104
6387,240
6390,4
6394,44
6400,916
6402,572
6404,28
6414,396
6415,260
6417,984
6426,4
6427,192
6431,104
6437,36
6441,8
6445,28
6446,4
6450,4
6453,160
6454,308
6455,12
6458,1252
6459,4
6460,208
6461,4
6462,36
6466,20
6470,12
6471,768
6472,8
6476,8
6482,148
6483,4
6487,396
6489,4
6490,12
6493,44
6498,700
6499,16
6500,220
6501,60
6502,12
6503,160
6506,96
6507,32
6508,4
6510,8
6513,8
6515,8
6518,12
6519,332
6520,32
6521,60
6523,368
6525,48
6526,32
6528,112
6531,16
6533,120
6534,40
6536,596
6537,236
6540,80
6543,4
6544,40
6545,68
6550,4
6551,8
6554,36
6558,1436
6559,124
6560,36
6564,40
6566,44
6569,44
6573,16
6574,224
6579,16
6580,56
6581,216
6586,36
6588,888
6590,12
6592,8
6594,60
6597,4
6598,8
6600,552
6602,196
6603,4
6606,56
6608,256
6609,24
6612,996
6615,4
6618,4
6619,216
6622,44
6630,4
6632,380
6633,24
6636,12
6638,124
6639,36
6640,20
6642,500
6643,196
6644,8
6648,4
6655,680
6659,4
6662,1328
6665,32
6666,104
6670,80
6672,12
6676,4
6679,8
6680,4
6681,372
6682,296
6683,16
6684,116
6686,60
6687,52
6691,12
6695,4
6696,40
6698,768
6702,392
6703,80
6704,352
6708,4
6709,328
6710,212
6712,312
6713,4
6717,644
6718,8
6722,48
6726,20
6727,36
6730,8
6731,232
6733,80
6734,168
6736,184
6739,12
6742,24
6743,24
6748,4
6752,1388
6755,32
6756,28
6757,116
6759,28
6760,760
6763,12
6764,4
6773,32
6774,36
6777,20
6781,56
6783,660
6784,44
6786,804
6788,8
6791,8
6794,132
6796,24
6798,1728
6799,4
6801,16
6805,100
6806,136
6807,8
6808,16
6809,12
6810,28
6812,84
6813,16
6818,36
6821,44
6822,44
6825,16
6826,20
6831,4
6833,220
6836,20
6842,180
6843,8
6846,4
6848,8
6854,44
6861,40
6863,516
6866,28
6870,844
6876,16
6877,4
6882,80
6885,36
6886,1140
6887,8
6888,564
6889,524
6890,8
6892,212
6895,136
6896,264
6897,204
6899,108
6900,4
6901,80
6903,272
6904,32
6906,20
6909,12
6910,156
6911,700
6914,120
6917,52
6918,20
6920,72
6921,180
6922,468
6924,144
6926,16
6930,8
6931,128
6932,12
6938,80
6940,4
6941,4
6942,292
6945,4
6948,84
6950,112
6952,40
6953,36
6957,1852
6959,52
6962,4
6964,152
6970,32
6971,68
6972,16
6975,20
6976,72
6982,44
6984,20
6986,416
6989,4
6994,244
6998,72
7007,20
7009,216
7016,128
7017,28
7020,72
7022,8
7023,24
7024,804
7027,8
7028,84
7029,248
7030,540
7033,16
7036,392
7038,1076
7041,260
7043,128
7046,256
7047,28
7049,24
7051,4
7055,16
7056,24
7057,280
7061,4
7067,80
7069,772
7070,4
7071,316
7075,188
7076,12
7077,656
7078,448
7082,176
7086,72
7088,16
7089,20
7090,68
7091,4
7092,144
7098,188
7102,84
7111,20
7112,84
7113,132
7119,32
7121,28
7122,12
7123,236
7124,32
7125,4
7127,28
7128,200
7136,276
7139,100
7141,48
7143,32
7145,12
7146,20
7147,12
7148,624
7149,4
7150,112
7151,48
7154,12
7155,16
7156,8
7157,4
7163,8
7164,24
7168,436
7171,4
7173,316
7175,236
7176,8
7177,240
7178,208
7180,208
7183,136
7184,996
7186,92
7196,780
7198,8
7202,120
7204,36
7205,4
7208,292
7212,304
7217,868
7220,12
7225,68
7226,1424
7228,204
7230,68
7231,36
7233,296
7239,4
7244,4
7245,12
7247,4
7248,116
7251,12
7252,52
7253,24
7258,4
7259,348
7260,4
7263,380
7266,68
7267,40
7268,24
7271,280
7272,272
7273,80
7274,76
7281,44
7283,116
7284,4
7288,8
7290,4
7292,160
7293,4
7301,192
7302,92
7305,168
7309,1404
7310,48
7312,172
7315,72
7317,8
7318,80
7320,8
7321,136
7322,72
7323,112
7325,16
7326,12
7327,40
7328,8
7334,380
7339,20
7343,60
7344,4
7347,4
7355,4
7356,12
7366,724
7368,1276
7372,372
7374,4
7377,84
7378,20
7387,92
7388,108
7391,88
7392,920
7393,100
7395,72
7397,312
7399,4
7400,4
7401,168
7403,328
7406,52
7407,12
7410,4
7411,304
7415,56
7417,568
7419,192
7420,4
7421,44
7422,448
7425,68
7427,48
7428,148
7429,104
7430,44
7431,16
7434,8
7435,32
7437,460
7443,72
7444,4
7445,52
7446,20
7450,204
7452,1380
7458,96
7461,24
7462,8
7463,108
7464,16
7466,440
7467,4
7468,168
7469,4
7472,136
7473,8
7476,32
7489,8
7492,364
7495,8
7496,1060
7497,48
7498,24
7499,84
7500,8
7502,16
7507,140
7514,412
7516,8
7518,256
7519,828
7523,8
7524,4
7527,16
7528,56
7531,20
7533,44
7534,76
7537,184
7539,96
7540,44
7541,488
7542,24
7547,56
7549,40
7551,28
7557,48
7558,116
7561,128
7562,28
7564,304
7566,28
7568,28
7573,248
7576,436
7578,32
7581,28
7583,44
7585,4
7586,120
7587,116
7588,4
7590,12
7592,284
7596,8
7597,16
7598,320
7599,724
7601,8
7604,120
7613,24
7614,24
7618,4
7620,88
7625,376
7626,12
7627,4
7628,48
7631,4
7636,4
7640,1720
7641,56
7643,16
7645,16
7647,36
7650,8
7651,536
7653,228
7654,120
7657,4
7658,620
7659,16
7661,540
7662,12
7665,180
7666,16
7668,28
7671,24
7672,40
7673,572
7680,12
7682,152
7684,56
7685,212
7686,768
7687,184
7688,32
7690,20
7691,100
7698,52
7699,392
7700,264
7702,20
7704,220
7707,28
7710,12
7712,44
7715,8
7716,16
7718,16
7719,16
7722,4
7726,280
7727,248
7728,148
7732,8
7733,840
7736,4
7738,12
7740,12
7742,36
7744,20
7745,8
7748,60
7750,96
7751,44
7752,92
7753,1008
7755,32
7757,236
7760,4
7770,168
7771,8
7774,4
7775,40
7776,824
7777,28
7778,68
7780,4
7782,344
7783,4
7784,324
7785,20
7788,96
7791,368
7792,12
7796,52
7798,24
7801,156
7803,384
7806,8
7807,8
7809,180
7812,36
7813,36
7815,4
7817,1076
7818,116
7823,4
7825,156
7827,12
7829,192
7830,16
7833,28
7834,8
7836,84
7840,308
7841,304
7846,24
7847,40
7851,124
7853,32
7854,492
7855,36
7857,64
7858,168
7861,4
7869,8
7873,84
7874,628
7875,60
7879,204
7881,540
7882,16
7883,8
7886,1108
7889,32
7890,4
7892,16
7895,416
7896,152
7898,36
7899,144
7900,44
7903,4
7904,4
7905,208
7907,20
7908,12
7909,4
7910,28
7913,620
7916,224
7919,32
7923,4
7930,228
7931,32
7932,64
7934,24
7937,32
7938,220
7940,8
7942,532
7943,8
7944,12
7945,28
7949,16
7951,4
7955,324
7956,12
7957,52
7958,28
7960,136
7965,28
7967,20
7968,44
7969,1052
7970,4
7974,4
7978,8
7979,8
7982,16
7984,8
7985,20
7989,32
7990,344
7991,4
7993,40
7996,8
8012,96
8013,60
8017,2640
8018,348
8019,60
8020,124
8022,960
8024,176
8025,152
8026,16
8027,8
8028,204
8030,4
8031,8
8038,20
8039,12
8042,100
8043,4
8047,48
8051,236
8055,236
8058,20
8064,448
8065,12
8067,4
8070,68
8072,24
8074,12
8075,460
8077,144
8082,8
8083,120
8086,4
8091,156
8094,52
8095,308
8102,120
8104,8
8105,144
8106,28
8107,360
8108,28
8112,608
8114,20
8118,4
8123,4
8124,832
8127,24
8128,368
8129,28
8131,236
8134,4
8143,4
8146,384
8152,360
8158,156
8159,4
8160,92
8161,32
8165,684
8167,228
8169,28
8171,152
8172,40
8174,300
8180,12
8182,4
8183,8
8189,808
8192,24
8193,648
8194,52
8197,4
8198,48
8201,124
8202,8
8203,20
8204,1316
8210,856
8211,4
8213,420
8215,4
8216,32
8218,100
8219,12
8223,8
8225,568
8228,40
8229,104
8231,336
8233,4
8236,364
8247,40
8248,100
8249,56
8251,80
8252,104
8256,12
8257,56
8265,64
8269,4
8272,4
8278,36
8280,4
8281,12
8282,152
8283,816
8284,144
8287,440
8293,20
8298,732
8300,56
8302,84
8304,388
8306,40
8307,80
8311,568
8318,12
8319,48
8320,664
8322,292
8324,12
8325,8
8326,4
8327,12
8329,4
8330,300
8331,28
8333,36
8336,944
8338,372
8339,104
8340,116
8343,12
8346,480
8347,24
8349,532
8350,84
8351,228
8356,108
8358,220
8359,380
8361,20
8372,4
8374,56
8375,52
8381,276
8383,60
8386,28
8387,32
8388,16
8390,4
8391,4
8395,380
8396,140
8397,4
8402,8
8403,132
8404,824
8405,116
8407,188
8411,552
8413,4
8416,36
8417,4
8424,224
8425,16
8427,36
8428,12
8434,52
8435,148
8443,8
8444,32
8449,748
8450,80
8451,8
8453,404
8457,436
8458,24
8459,64
8460,8
8465,64
8467,4
8469,844
8474,4
8477,60
8482,4
8484,4
8490,4
8492,20
8494,60
8495,16
8498,612
8500,444
8504,20
8506,16
8509,976
8511,28
8512,24
8513,108
8515,4
8516,800
8517,12
8524,112
8527,16
8531,4
8533,156
8535,1276
8537,4
8539,4
8542,1448
8547,64
8548,36
8549,36
8554,236
8556,352
8558,4
8560,400
8564,172
8567,584
8568,44
8569,24
8573,4
8576,8
8580,88
8583,44
8587,204
8588,128
8589,356
8590,188
8597,376
8598,12
8601,36
8602,116
8603,24
8604,4
8605,36
8607,20
8609,28
8610,4
8611,4
8613,536
8620,56
8622,24
8623,88
8627,1072
8628,108
8629,8
8632,380
8634,212
8637,56
8641,36
8642,8
8643,28
8644,36
8647,12
8649,12
8658,8
8661,4
8662,476
8663,24
8664,20
8666,40
8668,264
8674,12
8678,12
8683,4
8686,420
8689,1056
8692,792
8693,8
8694,104
8698,160
8701,368
8705,140
8707,12
8708,12
8709,76
8710,4
8712,40
8713,160
8714,88
8716,4
8717,268
8720,12
8724,32
8725,12
8727,216
8729,8
8731,48
8736,172
8737,8
8738,492
8741,24
8742,4
8743,4
8745,116
8748,4
8749,8
8751,372
8752,504
8754,4
8755,4
8757,80
8759,64
8761,196
8762,648
8763,60
8764,20
8765,72
8767,220
8769,352
8770,388
8775,4
8776,24
8784,8
8785,4
8789,88
8795,48
8796,20
8797,516
8801,272
8803,4
8804,4
8812,4
8813,260
8814,716
8818,12
8823,1772
8825,76
8826,96
8827,160
8829,4
8830,860
8832,4
8833,52
8834,4
8840,4
8841,96
8843,48
8844,8
8847,28
8848,104
8851,4
8853,184
8854,292
8862,8
8867,140
8869,4
8870,8
8874,376
8877,16
8882,476
8884,44
8886,4
8888,56
8889,8
8890,276
8893,124
8895,8
8896,4
8898,100
8899,672
8902,316
8905,8
8906,512
8907,4
8911,48
8916,4
8923,1320
8926,84
8927,32
8929,244
8930,4
8931,44
8933,8
8934,52
8937,176
8939,564
8943,36
8954,372
8957,200
8959,444
8960,200
8961,44
8962,156
8964,12
8969,228
8970,112
8971,4
8973,12
8974,212
8975,8
8977,892
8978,20
8981,4
8982,4
8984,4
8985,48
8986,384
8989,4
8991,728
8995,312
8998,224
9001,20
9003,152
9005,628
9006,24
9009,136
9011,28
9015,8
9018,4
9019,120
9020,8
9022,32
9024,96
9026,44
9037,4
9051,4
9052,104
9053,220
9054,484
9066,596
9067,40
9071,244
9072,12
9074,12
9075,12
9076,44
9077,956
9079,4
9084,104
9085,48
9089,60
9091,4
9092,4
9093,12
9096,4
9101,480
9102,20
9103,4
9104,676
9105,8
9107,204
9109,108
9113,824
9116,344
9117,56
9121,16
9125,16
9127,4
9130,420
9135,80
9137,104
9138,696
9139,24
9141,12
9142,28
9144,12
9145,184
9148,368
9154,52
9159,12
9161,544
9165,812
9170,12
9172,192
9173,12
9175,4
9176,4
9178,36
9179,8
9183,288
9184,4
9188,572
9192,4
9199,12
9200,608
9203,28
9204,8
9205,100
9208,20
9209,36
9210,12
9216,248
9218,8
9219,4
9225,412
9226,256
9227,492
9235,32
9237,44
9242,56
9244,888
9245,28
9248,32
9250,12
9258,144
9260,44
9262,672
9265,8
9269,28
9271,544
9273,12
9274,20
9277,4
9281,4
9283,4
9284,4
9292,692
9294,28
9297,680
9302,136
9303,612
9312,52
9315,212
9320,12
9321,800
9325,124
9336,4
9337,332
9339,16
9341,8
9342,68
9345,204
9346,124
9347,8
9349,968
9350,4
9354,88
9362,4
9366,32
9370,156
9371,1844
9373,4
9375,396
9376,208
9378,96
9383,16
9392,32
9393,164
9395,216
9400,376
9401,248
9402,4
9405,204
9407,52
9415,4
9417,468
9418,12
9422,212
9424,176
9425,196
9432,396
9441,608
9442,32
9449,4
9450,144
9452,44
9454,292
9455,8
9456,140
9458,36
9461,4
9463,260
9465,208
9466,4
9470,44
9476,572
9477,84
9478,4
9480,40
9484,564
9489,372
9491,604
9493,688
9495,92
9496,4
9498,284
9500,36
9503,116
9504,36
9505,8
9506,12
9507,12
9510,1108
9511,4
9512,20
9514,68
9515,40
9517,16
9518,352
9522,52
9524,28
9527,224
9528,4
9531,88
9538,548
9539,4
9540,100
9542,148
9543,4
9544,24
9545,28
9546,56
9558,36
9560,968
9562,4
9566,220
9571,828
9572,36
9573,120
9574,188
9581,4
9582,24
9583,120
9584,224
9586,4
9587,72
9588,52
9591,16
9593,96
9595,116
9597,56
9598,4
9600,1188
9602,16
9603,368
9605,568
9607,8
9613,188
9615,12
9620,8
9624,20
9625,4
9634,756
9638,4
9639,44
9643,36
9646,208
9647,308
9648,120
9651,32
9652,20
9653,12
9658,4
9660,708
9662,4
9663,900
9664,52
9668,28
9669,24
9670,304
9672,180
9675,12
9687,1108
9690,28
9693,1016
9695,96
9696,20
9697,272
9698,576
9702,20
9703,4
9704,12
9705,4
9706,4
9707,92
9708,12
9712,120
9717,8
9721,16
9723,84
9724,176
9727,24
9730,36
9741,4
9742,684
9745,144
9746,4
9749,4
9750,348
9754,16
9755,4
9759,24
9763,4
9765,392
9766,120
9767,380
9770,460
9773,112
9774,248
9776,108
9782,20
9783,4
9785,12
9789,4
9792,336
9793,84
9794,28
9795,28
9796,8
9800,196
9804,28
9807,4
9810,620
9811,4
9813,12
9816,248
9817,576
9822,4
9824,12
9825,780
9827,4
9828,80
9829,4
9838,844
9843,8
9844,8
9847,180
9849,20
9850,16
9852,68
9853,248
9854,36
9856,540
9860,432
9862,4
9863,164
9864,16
9867,4
9869,220
9871,8
9873,260
9874,404
9876,136
9877,176
9878,24
9881,12
9882,4
9885,400
9886,12
9890,4
9892,20
9893,1072
9894,12
9896,24
9897,48
9898,8
9902,140
9905,4
9906,1368
9907,268
9908,104
9909,136
9921,4
9923,140
9924,4
9925,304
9926,168
9930,4
9931,12
9935,36
9937,28
9938,4
9939,8
9940,88
9942,620
9943,8
9944,64
9945,16
9947,12
9948,16
9949,52
9950,4
9952,108
9961,688
9962,24
9965,28
9969,220
9972,20
9979,48
9980,196
9982,48
9983,4
9990,12
9991,656
9993,4
9998,188
